"","imagerow","imagecol","layer","rank_prediction"
"AAAGTGTGATTTATCT-1",327.93870408,354.51279968,"caudate_putamen","caudate_putamen"
"AAAGTTGACTCCCGTA-1",317.4527096,360.40219384,"caudate_putamen","caudate_putamen"
"AACACACGCTCGCCGC-1",364.28057536,351.85539012,"caudate_putamen","caudate_putamen"
"AACCCTACTGTCAATA-1",307.11035888,360.33037196,"caudate_putamen","caudate_putamen"
"AACCGCTAAGGGATGC-1",338.35287668,348.62340552,"caudate_putamen","caudate_putamen"
"AACGGACGTACGTATA-1",359.1094,348.83887116,"caudate_putamen","caudate_putamen"
"AACTCTCAATAGAGCG-1",281.1826602,351.13717132,"cortex","caudate_putamen"
"AAGCTCTTTCATGGTG-1",395.81038068,316.30355952,"caudate_putamen","caudate_putamen"
"AAGTGTTTGGAGACGG-1",369.81086012,313.07157492,"caudate_putamen","caudate_putamen"
"AATAGAATCTGTTTCA-1",348.91069304,330.81157928,"caudate_putamen","caudate_putamen"
"AATCGCCTCAGCGCCA-1",302.3701148,309.5523028,"caudate_putamen","caudate_putamen"
"AATTGAACGCTCTGGT-1",333.39716696,321.7620224,"caudate_putamen","caudate_putamen"
"ACAAATCGCACCGAAT-1",359.39668752,318.96096908,"caudate_putamen","caudate_putamen"
"ACACACCAGGACCAGT-1",328.01052596,342.5903676,"caudate_putamen","caudate_putamen"
"ACCAATATGCAAGTTA-1",390.63920532,307.32582452,"caudate_putamen","caudate_putamen"
"ACCAGTGCGGGAGACG-1",348.6952274,354.72826532,"caudate_putamen","caudate_putamen"
"ACCGATGGTAGCATCG-1",286.42565744,348.19247424,"caudate_putamen","caudate_putamen"
"ACCGCAATAACTGCCT-1",364.63968476,310.05505596,"caudate_putamen","caudate_putamen"
"ACCGGGCCTTTGTTGA-1",338.20923292,366.57887552,"caudate_putamen","caudate_putamen"
"ACTGAATGGCGAAAGT-1",343.81133956,321.83384428,"caudate_putamen","caudate_putamen"
"ACTGTACGATACACAT-1",255.61407092,306.17667444,"caudate_putamen","caudate_putamen"
"ACTGTCTTCTTTAGAA-1",255.97318032,264.37634028,"caudate_putamen","caudate_putamen"
"ACTTATACTTACCCGG-1",286.49747932,342.2312582,"caudate_putamen","caudate_putamen"
"ACTTCAGGCTGATCCC-1",364.63968476,316.016272,"caudate_putamen","caudate_putamen"
"ACTTCGCCATACGCAC-1",240.10054484,297.05529568,"caudate_putamen","caudate_putamen"
"AGATACTCAAGATCGA-1",338.6401642,318.81732532,"caudate_putamen","caudate_putamen"
"AGCAACATATCTTATT-1",312.35335612,351.42445884,"caudate_putamen","caudate_putamen"
"AGCACTACCTCACCAG-1",374.98203548,316.15991576,"caudate_putamen","caudate_putamen"
"AGCATATCAATATGCT-1",364.28057536,357.81660616,"caudate_putamen","caudate_putamen"
"AGCTCCTTCGCACATC-1",369.66721636,331.02704492,"caudate_putamen","caudate_putamen"
"ATAACGCCGGAGGGTC-1",281.5417696,315.2980532,"caudate_putamen","caudate_putamen"
"ATACGTACTTAGCCAC-1",385.46802996,304.30930556,"caudate_putamen","caudate_putamen"
"ATGGGCCTCGGCCTCT-1",333.18170132,345.60688656,"caudate_putamen","caudate_putamen"
"ATGGTCGCGTGGTTTC-1",333.32534508,327.72323844,"caudate_putamen","caudate_putamen"
"CAAGATATTATAACGT-1",333.2535232,339.64567052,"caudate_putamen","caudate_putamen"
"CACGCGGAACTGTTGC-1",317.4527096,366.36340988,"caudate_putamen","caudate_putamen"
"CACGTTCGTGCTCTAG-1",291.88412032,315.44169696,"caudate_putamen","caudate_putamen"
"CAGCAGCCCGTTCCTT-1",245.2717202,306.03303068,"caudate_putamen","caudate_putamen"
"CATCATTACCCTGAGG-1",369.45175072,354.87190908,"caudate_putamen","caudate_putamen"
"CATGGGTATGCCTTAT-1",390.56738344,319.2482566,"caudate_putamen","caudate_putamen"
"CATGTCTCATTTATGG-1",354.15369028,327.8668822,"caudate_putamen","caudate_putamen"
"CCACAGTACCCATCCT-1",348.76704928,348.76704928,"caudate_putamen","caudate_putamen"
"CCACCCAAGGAAAGTG-1",292.02776408,297.48622696,"caudate_putamen","caudate_putamen"
"CCCAGTTAAGGCGCCG-1",317.811819,318.60185968,"caudate_putamen","caudate_putamen"
"CCGTAAGTTGGTCCCA-1",271.19941888,303.30379924,"caudate_putamen","caudate_putamen"
"CCTAACCCAAACAAGT-1",354.01004652,339.86113616,"caudate_putamen","caudate_putamen"
"CCTATAATGAGTGCCC-1",385.39620808,316.23173764,"caudate_putamen","caudate_putamen"
"CCTGAACGATATATTC-1",291.81229844,327.36412904,"caudate_putamen","caudate_putamen"
"CGAGAGATGTGAACCT-1",250.58653932,291.16590152,"caudate_putamen","caudate_putamen"
"CGAGTTTATCGGACTG-1",291.5968328,351.2089932,"caudate_putamen","caudate_putamen"
"CGCCGCCCATGCCTGT-1",302.22647104,321.47473488,"caudate_putamen","caudate_putamen"
"CGCGACCGCGACAGAT-1",406.1527314,316.3753814,"caudate_putamen","caudate_putamen"
"CGCGGCTCAACTTGAA-1",322.62388496,363.4187128,"caudate_putamen","caudate_putamen"
"CGCTTTCTTGCATTCG-1",260.64160252,327.07684152,"caudate_putamen","caudate_putamen"
"CGGGAGCTTCAGTGTA-1",353.93822464,345.8223522,"caudate_putamen","caudate_putamen"
"CGGGTGTACCCATTTA-1",265.81277788,330.09336048,"caudate_putamen","caudate_putamen"
"CGGTACTAGAATCAAA-1",322.98299436,321.69020052,"caudate_putamen","caudate_putamen"
"CGTCGTCCTTCGCGAA-1",390.7110272,301.36460848,"caudate_putamen","caudate_putamen"
"CTATCGACGAAATACA-1",374.69474796,351.927212,"caudate_putamen","caudate_putamen"
"CTGGAAGACACGGTGG-1",359.25304376,336.91643908,"caudate_putamen","caudate_putamen"
"CTGGCGCACAGGTCTG-1",291.66865468,339.28656112,"caudate_putamen","caudate_putamen"
"CTGGCTGATTCATCCT-1",327.8668822,360.47401572,"caudate_putamen","caudate_putamen"
"CTGGGATAAATAATGG-1",296.9834738,324.41943196,"caudate_putamen","caudate_putamen"
"CTGGTTTCGAGCAAGA-1",338.49652044,336.70097344,"caudate_putamen","caudate_putamen"
"CTTGAGTTAGGGTAAT-1",302.0110054,351.35263696,"caudate_putamen","caudate_putamen"
"CTTTAGGAACACTGTT-1",312.49699988,333.46898884,"caudate_putamen","caudate_putamen"
"GAAACAGATGACCACC-1",307.18218076,348.40793988,"caudate_putamen","caudate_putamen"
"GAACGTCTCATGGTCG-1",260.56978064,333.03805756,"caudate_putamen","caudate_putamen"
"GAATAGACGCGACCCA-1",317.59635336,348.47976176,"caudate_putamen","caudate_putamen"
"GACTGCACCAGCCCAG-1",338.6401642,312.85610928,"globus_pallidus","caudate_putamen"
"GAGCCAGCTACCTGTG-1",374.76656984,340.00477992,"caudate_putamen","caudate_putamen"
"GAGCTAAGGGCATATC-1",250.2992518,321.0438036,"caudate_putamen","caudate_putamen"
"GAGTGTGCGGTACCCA-1",328.08234784,336.62915156,"caudate_putamen","caudate_putamen"
"GCAGATCCATAAGACT-1",364.496041,328.01052596,"caudate_putamen","caudate_putamen"
"GCCTCATCTGGAAATA-1",312.28153424,357.38567488,"caudate_putamen","caudate_putamen"
"GCGCGTCATTGGTACA-1",395.7385588,322.26477556,"caudate_putamen","caudate_putamen"
"GCTAGGCACCACGGAG-1",380.15321084,325.13765076,"caudate_putamen","caudate_putamen"
"GCTATCATACTCATGG-1",380.2968546,307.25400264,"caudate_putamen","caudate_putamen"
"GCTTAATGTAACTAAC-1",317.811819,324.56307572,"caudate_putamen","caudate_putamen"
"GCTTATGAAGCAGGAA-1",281.32630396,339.21473924,"caudate_putamen","caudate_putamen"
"GGAATGCGCTAGCGTG-1",265.88459976,318.1709284,"caudate_putamen","caudate_putamen"
"GGAGGGCTTGGTTGGC-1",266.02824352,306.24849632,"caudate_putamen","caudate_putamen"
"GGATGAAGATCGCTGA-1",317.52453148,354.4409778,"caudate_putamen","caudate_putamen"
"GGGCCGGCCGAAGTAC-1",286.64112308,324.34761008,"caudate_putamen","caudate_putamen"
"GGTCTGAGAATCTGGA-1",255.54224904,312.13789048,"caudate_putamen","caudate_putamen"
"GGTGGACTGCTCTGGC-1",385.3243862,328.15416972,"caudate_putamen","caudate_putamen"
"GGTTAGCTATATGTCT-1",343.6676958,333.75627636,"caudate_putamen","caudate_putamen"
"GGTTTCAATCGGTCAG-1",270.84030948,345.1041334,"caudate_putamen","caudate_putamen"
"GTAAGTAACAGTCTGG-1",307.46946828,318.5300378,"caudate_putamen","caudate_putamen"
"GTACAGAGGCAAGGGT-1",291.88412032,321.402913,"caudate_putamen","caudate_putamen"
"GTATGTGGGTCTAGTT-1",296.83983004,348.26429612,"caudate_putamen","caudate_putamen"
"GTCATGCACCTCCGTT-1",250.87382684,255.3267834,"caudate_putamen","caudate_putamen"
"GTCCCAACGTAAAGTA-1",271.34306264,291.38136716,"caudate_putamen","caudate_putamen"
"GTCCGGACCTGAAATT-1",380.00956708,337.06008284,"caudate_putamen","caudate_putamen"
"GTCCGGGTTCACATTA-1",458.36723816,287.00023248,"cortex","caudate_putamen"
"GTCTATTGGTTCCGGT-1",359.18122188,342.87765512,"caudate_putamen","caudate_putamen"
"GTGACCGCACACTACG-1",302.0110054,345.31959904,"caudate_putamen","caudate_putamen"
"GTGCCCGTTCGGATTC-1",302.15464916,327.43595092,"caudate_putamen","caudate_putamen"
"GTTTGGCCCAAGTTAT-1",317.88364088,312.64064364,"caudate_putamen","caudate_putamen"
"TAAGGCTGAATCCCTC-1",333.03805756,363.56235656,"caudate_putamen","caudate_putamen"
"TACCAATAAAGTACCA-1",385.3243862,322.19295368,"caudate_putamen","caudate_putamen"
"TACTTGTTAGTAGTCC-1",291.74047656,333.32534508,"caudate_putamen","caudate_putamen"
"TAGACGCCCGTACCGG-1",265.66913412,342.08761444,"corpus_callosum","caudate_putamen"
"TAGGGAGCTTGGGATG-1",286.35383556,360.11490632,"cortex","caudate_putamen"
"TAGTCGATCACGGGTT-1",348.62340552,360.68948136,"caudate_putamen","caudate_putamen"
"TATTACCATCCTGCTT-1",296.69618628,360.25855008,"caudate_putamen","caudate_putamen"
"TCCGCGGCAGCATCTG-1",276.22695048,324.20396632,"caudate_putamen","caudate_putamen"
"TCCTACATCCACGGCC-1",338.56834232,324.77854136,"caudate_putamen","caudate_putamen"
"TCCTTACGACGGTCCG-1",353.86640276,357.74478428,"caudate_putamen","caudate_putamen"
"TCGAAGAACCGAGCAC-1",332.96623568,369.5235726,"caudate_putamen","caudate_putamen"
"TCGGACGCCCAGCCCA-1",271.19941888,309.26501528,"caudate_putamen","caudate_putamen"
"TCTCATGAGATAGGGT-1",354.0818684,333.89992012,"caudate_putamen","caudate_putamen"
"TCTGATGTATTCTGTC-1",364.56786288,322.04930992,"caudate_putamen","caudate_putamen"
"TCTGTGCCATCATAGT-1",265.95642164,312.20971236,"caudate_putamen","caudate_putamen"
"TGAAAGGACCTGACTC-1",281.46994772,321.25926924,"caudate_putamen","caudate_putamen"
"TGACGATGCACTAGAA-1",291.52501092,357.17020924,"caudate_putamen","caudate_putamen"
"TGCAAGAATGACGTAA-1",256.11682408,252.38208632,"caudate_putamen","caudate_putamen"
"TGCAGTTTCCTCCCAT-1",307.25400264,342.44672384,"caudate_putamen","caudate_putamen"
"TGCTAAGTGTCTATTT-1",369.59539448,342.949477,"caudate_putamen","caudate_putamen"
"TGTAGGAGAAATTTCC-1",276.22695048,330.23700424,"caudate_putamen","caudate_putamen"
"TGTATAACAGATCCTG-1",250.37107368,309.04954964,"caudate_putamen","caudate_putamen"
"TGTTATTGTATGTGGC-1",328.15416972,330.66793552,"caudate_putamen","caudate_putamen"
"TTAGACGAGTCACCTC-1",349.0543368,312.92793116,"caudate_putamen","caudate_putamen"
"TTAGCTGATTTGCCGT-1",296.76800816,354.29733404,"caudate_putamen","caudate_putamen"
"TTATCCGGGATCTATA-1",364.496041,333.971742,"caudate_putamen","caudate_putamen"
"TTATGATCTTAACGAA-1",297.05529568,318.45821592,"caudate_putamen","caudate_putamen"
"TTCAATACTCTGAATC-1",296.9834738,330.380648,"caudate_putamen","caudate_putamen"
"TTCCGGTTACCCACTT-1",333.32534508,333.68445448,"caudate_putamen","caudate_putamen"
"TTCCTCGGACTAACCA-1",359.32486564,330.95522304,"caudate_putamen","caudate_putamen"
"TTCTAACCGAAGCTTA-1",276.08330672,342.15943632,"caudate_putamen","caudate_putamen"
"TTCTGCGGGTTAGCGG-1",307.54129016,312.56882176,"caudate_putamen","caudate_putamen"
"TTGAGAAGTTTAGCAT-1",385.25256432,334.11538576,"caudate_putamen","caudate_putamen"
"TTGCAAGAAGACTCCT-1",463.6102354,278.09431936,"cortex","caudate_putamen"
"TTGGACCTATAACAGT-1",390.42373968,331.17068868,"caudate_putamen","caudate_putamen"
"AAAGGGCAGCTTGAAT-1",225.80799072,150.68230424,"NA","corpus_callosum"
"AAATGGTCAATGTGCC-1",271.91763768,225.66434696,"NA","corpus_callosum"
"AACAACTGGTAGTTGC-1",246.13358276,198.5874982,"NA","corpus_callosum"
"AACAGGATGGGCCGCG-1",251.66386752,165.83672092,"NA","corpus_callosum"
"AACGTCAGACTAGTGG-1",225.44888132,192.41081652,"corpus_callosum","corpus_callosum"
"AACTTGCCCGTATGCA-1",251.7356894,153.84246696,"NA","corpus_callosum"
"AAGGCGCGTAAAGCTT-1",225.5207032,186.44960048,"corpus_callosum","corpus_callosum"
"AAGTAGAAGACCGGGT-1",199.305717,213.09551796,"cortex","corpus_callosum"
"AAGTAGTGACGCGAGG-1",272.42039084,165.98036468,"NA","corpus_callosum"
"AATCTGCGTTGGGACG-1",265.66913412,348.04883048,"cortex","corpus_callosum"
"ACAAGCAGTGCCTAGC-1",256.97868664,150.89776988,"NA","corpus_callosum"
"ACATCGGTCAGCCGCG-1",313.78979372,184.2231222,"thalamus","corpus_callosum"
"ACCTAATCGACTTCCT-1",267.24921548,162.96384572,"NA","corpus_callosum"
"AGACTAGCCTTCCAGA-1",246.06176088,210.50993028,"NA","corpus_callosum"
"AGATAACTTCAGGGCC-1",266.89010608,204.76417988,"NA","corpus_callosum"
"AGATACCGGTGTTCAC-1",308.61861836,187.16781928,"thalamus","corpus_callosum"
"AGCACTTAAGGACGCC-1",261.93439636,177.83097488,"NA","corpus_callosum"
"AGGCCACCCGTTATGA-1",246.27722652,186.66506612,"NA","corpus_callosum"
"AGGGTTCAGACGGTCC-1",459.01363508,209.43260208,"NA","corpus_callosum"
"AGGGTTCCCTTTGGTT-1",255.39860528,335.98275464,"corpus_callosum","corpus_callosum"
"AGTATAATACTAGGCA-1",230.83552232,171.58247132,"NA","corpus_callosum"
"ATAAAGGCTCGGTCGT-1",277.16063492,222.71964988,"NA","corpus_callosum"
"ATAGACGAAGAGAAAG-1",272.06128144,207.78069884,"NA","corpus_callosum"
"ATATTCAGTTAAACCT-1",329.3033198,193.34450096,"thalamus","corpus_callosum"
"ATATTTAACCCTCAAG-1",261.4316432,237.51495716,"NA","corpus_callosum"
"ATCTTGACCTGCAACG-1",235.71941016,204.47689236,"NA","corpus_callosum"
"ATGAAGCCAAGGAGCC-1",214.89106496,210.29446464,"corpus_callosum","corpus_callosum"
"ATGAGGAGTGTTAATC-1",230.76370044,177.54368736,"NA","corpus_callosum"
"ATGCACTACCGCATTG-1",240.89058552,207.49341132,"NA","corpus_callosum"
"ATTCCTCCGCCAGTGC-1",220.27770596,189.39429756,"corpus_callosum","corpus_callosum"
"ATTGAAGATCTTAGTG-1",261.57528696,219.63130904,"NA","corpus_callosum"
"ATTTACAGTTTACTGG-1",256.69139912,186.736888,"NA","corpus_callosum"
"CAAACGGTCGCACTTT-1",256.61957724,192.69810404,"NA","corpus_callosum"
"CAAGCAACGTCGGAGT-1",267.03374984,186.80870988,"NA","corpus_callosum"
"CACGAAAGTTAGTCCC-1",272.49221272,160.01914864,"NA","corpus_callosum"
"CACTTAATCAGACGGA-1",277.16063492,216.75843384,"NA","corpus_callosum"
"CAGCTTAGTAGGTAGC-1",267.32103736,157.00262968,"NA","corpus_callosum"
"CCAACGATGCACTGAT-1",261.86257448,183.79219092,"NA","corpus_callosum"
"CCAAGACTTCTGCGAA-1",204.11778296,257.91237108,"cortex","corpus_callosum"
"CCAATAGTGCCGTCGA-1",277.30427868,198.87478572,"NA","corpus_callosum"
"CCAATTGAATGTTAAT-1",204.54871424,210.15082088,"cortex","corpus_callosum"
"CCATTCCCTGCCCACA-1",272.2049252,189.89705072,"NA","corpus_callosum"
"CCCAACATACGTCGCG-1",324.2757882,178.40554992,"thalamus","corpus_callosum"
"CCCTGAAATGAGTTGA-1",261.86257448,189.75340696,"NA","corpus_callosum"
"CCGCACGTGACCTCGG-1",246.56451404,150.825948,"NA","corpus_callosum"
"CCTCCGACAATTCAAG-1",272.34856896,171.94158072,"NA","corpus_callosum"
"CCTGGCTAGACCCGCC-1",251.30475812,201.60401716,"NA","corpus_callosum"
"CGAAACGCAATTCATG-1",313.93343748,172.30069012,"thalamus","corpus_callosum"
"CGAAGTTGCTCTGTGT-1",272.34856896,177.90279676,"NA","corpus_callosum"
"CGAGCACTTCAAGTTT-1",220.63681536,147.5939634,"NA","corpus_callosum"
"CGCAAACACGAGTTAC-1",241.10605116,183.64854716,"NA","corpus_callosum"
"CGCAATTAGGGTAATA-1",246.13358276,204.54871424,"NA","corpus_callosum"
"CGCTCTCCGTAGATTA-1",272.27674708,183.8640128,"NA","corpus_callosum"
"CGGTGCAGATAGAACG-1",319.03279096,181.350247,"thalamus","corpus_callosum"
"CGTATTAAGAGATCTA-1",266.60281856,234.57026008,"NA","corpus_callosum"
"CGTGTCCCATTCGCGA-1",246.20540464,192.62628216,"NA","corpus_callosum"
"CGTTTCGCTCATTACA-1",282.33181028,219.7749528,"NA","corpus_callosum"
"CTCCGCCCACATGAGG-1",324.13214444,190.327982,"thalamus","corpus_callosum"
"CTGTAGTGAGGATCGA-1",459.08545696,203.39956416,"NA","corpus_callosum"
"CTTACACGGTATTCCA-1",261.64710884,207.70887696,"NA","corpus_callosum"
"CTTGTACTTGTTGACT-1",209.57624584,225.1615938,"corpus_callosum","corpus_callosum"
"CTTTGGCTTTAGTAAA-1",266.96192796,192.76992592,"NA","corpus_callosum"
"GAAAGTGACTAACTGC-1",230.9073442,165.62125528,"NA","corpus_callosum"
"GAAATGGCGGTGTTAG-1",256.33228972,228.53722216,"NA","corpus_callosum"
"GAAGCTTGCTGACCGC-1",251.52022376,177.759153,"NA","corpus_callosum"
"GAATTTCTCGCTGCAG-1",246.49269216,162.74838008,"NA","corpus_callosum"
"GACAACGCAGCTTACG-1",204.3332486,234.06750692,"corpus_callosum","corpus_callosum"
"GACCAGAGCCCTGTAG-1",261.64710884,213.670093,"NA","corpus_callosum"
"GACGCTTGCTTCTAAA-1",298.27626764,181.13478136,"thalamus","corpus_callosum"
"GACTAAGTAGGCTCAC-1",240.9624074,201.53219528,"NA","corpus_callosum"
"GAGATCTGCTTGGCAT-1",277.30427868,204.83600176,"NA","corpus_callosum"
"GATTACTGAATTTGGG-1",313.78979372,190.25616012,"thalamus","corpus_callosum"
"GCAAGAATTCCTTGGC-1",329.44696356,181.42206888,"thalamus","corpus_callosum"
"GCAAGTGCACAGAGAA-1",225.37705944,198.44385444,"corpus_callosum","corpus_callosum"
"GCCTATTCCGATATAG-1",225.73616884,162.60473632,"NA","corpus_callosum"
"GCGGGAACCAGGCCCT-1",194.06271976,216.04021504,"cortex","corpus_callosum"
"GCTGGCATATTCACCT-1",262.00621824,165.9085428,"NA","corpus_callosum"
"GGAGAAGTCATTGGCA-1",220.20588408,195.3555136,"corpus_callosum","corpus_callosum"
"GGCACTCCACTGGGCA-1",277.2324568,210.7972178,"NA","corpus_callosum"
"GGCGGAGTAATATTAG-1",266.8182842,210.72539592,"NA","corpus_callosum"
"GGCGTCCTATCCGCTG-1",262.00621824,171.86975884,"NA","corpus_callosum"
"GGCTATTAAGTTGTAT-1",272.13310332,195.85826676,"NA","corpus_callosum"
"GGGAACGGGAGGTTAG-1",303.447443,184.15130032,"thalamus","corpus_callosum"
"GGGCGGGTTCCCTACG-1",324.20396632,184.36676596,"thalamus","corpus_callosum"
"GGGCTGGTTAGTCGCG-1",261.50346508,225.59252508,"NA","corpus_callosum"
"GGGTATGTATGCACTT-1",246.56451404,156.78716404,"NA","corpus_callosum"
"GGGTCACCGTGACGGT-1",282.40363216,213.81373676,"NA","corpus_callosum"
"GGTATTGCCGAGTTTA-1",271.8458158,231.625563,"NA","corpus_callosum"
"GGTTAGGCTTGGAGAA-1",246.3490484,180.70385008,"NA","corpus_callosum"
"GTATAGGACTCAGTAG-1",204.18960484,245.989939,"corpus_callosum","corpus_callosum"
"GTCAGAATAGTCTATG-1",256.83504288,168.85323988,"NA","corpus_callosum"
"GTCGGATATCTCAGAC-1",267.10557172,180.84749384,"NA","corpus_callosum"
"GTGAGATAACCTTATA-1",459.15727884,197.43834812,"NA","corpus_callosum"
"GTGCCATCACACGGTG-1",319.10461284,175.31720908,"thalamus","corpus_callosum"
"GTTCACAGGAGTCTAG-1",267.1773936,174.8862778,"NA","corpus_callosum"
"GTTGCACGGAGTTTCG-1",225.23341568,216.32750256,"corpus_callosum","corpus_callosum"
"TAAATGAATCCGTTTC-1",220.56499348,159.58821736,"NA","corpus_callosum"
"TAACTATCGAAGGTCC-1",225.59252508,174.5271684,"corpus_callosum","corpus_callosum"
"TACAAGTCTCGTGCAT-1",262.149862,153.98611072,"NA","corpus_callosum"
"TACGAACACGACTTCA-1",261.4316432,231.55374112,"NA","corpus_callosum"
"TAGATTCAAAGTGCGG-1",459.22910072,191.47713208,"NA","corpus_callosum"
"TAGTCTAACAACGAGA-1",308.69044024,175.2453872,"thalamus","corpus_callosum"
"TAGTGCCCTCCAGAGT-1",266.67464044,228.60904404,"NA","corpus_callosum"
"TATGGCCCGGCCTCGC-1",256.83504288,162.89202384,"NA","corpus_callosum"
"TATTTGTTACCCTTTA-1",225.30523756,210.36628652,"corpus_callosum","corpus_callosum"
"TCACGCATTGTAGATC-1",271.98945956,219.70313092,"NA","corpus_callosum"
"TCCCAGGCTTAGCTAA-1",256.4041116,216.61479008,"NA","corpus_callosum"
"TCCCTGGCTCGCTGGA-1",272.49221272,154.0579326,"NA","corpus_callosum"
"TCCGATTACATTGCCG-1",267.1773936,168.92506176,"NA","corpus_callosum"
"TCGAAATTTAGGACCA-1",251.30475812,207.5652332,"NA","corpus_callosum"
"TCGCGTCCAGAAGGTC-1",262.07804012,159.94732676,"NA","corpus_callosum"
"TCGTCCGCTGGCGTCT-1",215.03470872,192.33899464,"corpus_callosum","corpus_callosum"
"TCTATCGGTCGCAACA-1",214.46013368,264.01723088,"corpus_callosum","corpus_callosum"
"TCTGGGTAGCGCTCAT-1",308.61861836,181.20660324,"thalamus","corpus_callosum"
"TCTTACGGCATCCGAC-1",230.9073442,159.66003924,"NA","corpus_callosum"
"TCTTGGTAACACCAAA-1",209.21713644,266.96192796,"cortex","corpus_callosum"
"TGACCCACGTTAGACA-1",271.98945956,213.74191488,"NA","corpus_callosum"
"TGAGCCATACAGTCTC-1",318.96096908,187.31146304,"thalamus","corpus_callosum"
"TGGAAGAAGGGAACGT-1",303.51926488,178.19008428,"thalamus","corpus_callosum"
"TGGGAAATGCCTTTCC-1",220.56499348,153.62700132,"NA","corpus_callosum"
"TGTGTCGCGAGTTGCA-1",225.5207032,180.48838444,"corpus_callosum","corpus_callosum"
"TGTTCTTCCATTGACT-1",272.13310332,201.8194828,"NA","corpus_callosum"
"TTACCCTAACAGTCCT-1",225.8798126,144.64926632,"NA","corpus_callosum"
"TTATGACAAACTGGAT-1",241.17787304,177.68733112,"NA","corpus_callosum"
"TTCGACGGGAAGGGCG-1",225.37705944,204.40507048,"corpus_callosum","corpus_callosum"
"TTCGCACTCGCGTGCT-1",230.47641292,207.42158944,"corpus_callosum","corpus_callosum"
"TTCGTACTCCAGAACG-1",251.7356894,159.803683,"NA","corpus_callosum"
"TTCTAGGCCAATTGTG-1",214.96288684,204.26142672,"corpus_callosum","corpus_callosum"
"TTCTTGTAACCTAATG-1",220.34952784,177.47186548,"corpus_callosum","corpus_callosum"
"TTGAAGAATTCCCAGG-1",266.74646232,222.647828,"NA","corpus_callosum"
"TTGAGAGTACTGCTAA-1",329.37514168,187.38328492,"thalamus","corpus_callosum"
"TTGATTATGCAGATGA-1",241.17787304,171.6542932,"NA","corpus_callosum"
"TTGCACGGAGCAGCAC-1",209.3607802,249.00645796,"corpus_callosum","corpus_callosum"
"TTGGCTCGCATGAGAC-1",220.34952784,183.43308152,"corpus_callosum","corpus_callosum"
"AAACCTAAGCAGCCGG-1",437.25160544,322.62388496,"cortex","cortex"
"AACCCTGGTGGAACCA-1",141.56092548,281.25448208,"cortex","cortex"
"AACCTGTCACGGAATT-1",285.77926052,425.83192652,"cortex","cortex"
"AACGCATGATCTGGGT-1",203.04045476,383.31337356,"cortex","cortex"
"AAGCCGAAGCGGTTTA-1",353.57911524,393.5839024,"cortex","cortex"
"AAGGCAGGCTGTCTCC-1",316.87813456,426.11921404,"cortex","cortex"
"AATCTATGCCGGAGCC-1",233.99568504,401.4843092,"cortex","cortex"
"ACCACCAATGTAACAA-1",311.99424672,393.224793,"cortex","cortex"
"ACCGCGGTGGAAGTCG-1",327.57959468,390.3519178,"cortex","cortex"
"ACGATACATAGAACTA-1",214.0292024,311.77878108,"cortex","cortex"
"ACGATCATCTTGTAAA-1",286.13836992,378.07037632,"cortex","cortex"
"ACGCATACGTTTACTA-1",390.06463028,378.93223888,"cortex","cortex"
"ACTAGTTGCGATCGTC-1",358.82211248,384.67798928,"cortex","cortex"
"ACTTTACCCTCATGAA-1",265.31002472,389.84916464,"cortex","cortex"
"AGAATTATGGATTCGA-1",265.52549036,365.9324786,"cortex","cortex"
"AGCCACAGGTTACCCG-1",426.76561096,340.4357112,"cortex","cortex"
"AGCTAAGTACGCAGGC-1",432.0086082,331.52979808,"cortex","cortex"
"AGGCATTGTCGTAGGG-1",353.79458088,369.66721636,"cortex","cortex"
"AGTAATGTCTTGCCGC-1",183.36125964,251.80751128,"cortex","cortex"
"ATAGACAACGGGACCT-1",244.84078892,347.83336484,"cortex","cortex"
"ATAGTTCCACCCACTC-1",296.55254252,378.1421982,"cortex","cortex"
"ATATCAACCTACAGAG-1",291.30954528,387.04811132,"cortex","cortex"
"ATCGTTAGCTAGCGGA-1",400.55062476,367.08162868,"cortex","cortex"
"ATGCGAGTCCCACCAC-1",348.40793988,384.53434552,"cortex","cortex"
"ATTATAGCTACTTTAC-1",270.26573444,416.71054776,"cortex","cortex"
"ATTATCTCGACAGATC-1",136.60521576,254.39309896,"cortex","cortex"
"ATTGATGAGTCCTAAC-1",270.62484384,368.94899756,"cortex","cortex"
"ATTGGATTACAGCGTA-1",379.65045768,378.860417,"cortex","cortex"
"ATTTAACTCGTATTAC-1",173.16255268,227.81900336,"cortex","cortex"
"ATTTGTTCCAGGGCTC-1",198.65932008,284.7737542,"cortex","cortex"
"CACACACGCTAACGAG-1",384.82163304,381.87693596,"cortex","cortex"
"CACACAGCTTGCGCTC-1",342.949477,417.35694468,"cortex","cortex"
"CACCGTATCCCATCCG-1",369.23628508,384.74981116,"cortex","cortex"
"CACCTTGCGAAACTCG-1",224.29973124,323.77303504,"cortex","cortex"
"CAGCTCGACAAGTTAA-1",244.9126108,341.8721488,"cortex","cortex"
"CAGGAAGACTTTATAT-1",167.12951476,326.28680084,"cortex","cortex"
"CATCTATCCCGTGTCT-1",192.69810404,371.24729772,"cortex","cortex"
"CATGGATTGTCTTCCG-1",384.89345492,375.91571992,"cortex","cortex"
"CATTTAGCGGACCATG-1",229.4709066,326.789554,"cortex","cortex"
"CCAAGGAACAGAGAGG-1",173.30619644,215.89657128,"cortex","cortex"
"CCACTATCCGGGTCAC-1",254.6085646,419.58342296,"cortex","cortex"
"CCAGTAGTCTGATCCA-1",239.66961356,344.81684588,"cortex","cortex"
"CCGATCTCAACCTTAT-1",291.38136716,375.12567924,"cortex","cortex"
"CCGCCGTTGAGGATAA-1",332.46348252,429.20755488,"cortex","cortex"
"CCGTAGGAAATCCCTG-1",410.96479736,361.19223452,"cortex","cortex"
"CCTATGTCCACTCCAC-1",421.45079184,349.34162432,"cortex","cortex"
"CCTGTTTGAAGACACG-1",400.62244664,355.1591966,"cortex","cortex"
"CGACATGCGATCTTCT-1",141.70456924,263.37083396,"cortex","cortex"
"CGAGCGTTGATCAGCC-1",162.96384572,209.79171148,"cortex","cortex"
"CGATAATACTCAGGTT-1",322.1211318,423.17451696,"cortex","cortex"
"CGCAGAAACATTTGCG-1",141.848213,245.41536396,"cortex","cortex"
"CGCTTCCACTGAAATC-1",194.20636352,198.15656692,"cortex","cortex"
"CGCTTTCATACCGGTG-1",173.23437456,221.85778732,"cortex","cortex"
"CGGCCCAGGTATATCC-1",322.40841932,387.33539884,"cortex","cortex"
"CGGCGCCATCAATCCC-1",405.86544388,352.21449952,"cortex","cortex"
"CGGCTTTGTATGATAA-1",141.92003488,239.45414792,"cortex","cortex"
"CGTAAACGCTTGAGTG-1",158.3672454,141.1299942,"NA","cortex"
"CGTAGCGCCGACGTTG-1",136.8206814,230.47641292,"cortex","cortex"
"CGTCTGGAAGGGCCCG-1",183.28943776,257.76872732,"cortex","cortex"
"CGTTAAACTAGTTAGG-1",353.43547148,405.50633448,"cortex","cortex"
"CGTTAGCTCACAACTG-1",172.22886824,341.22575188,"cortex","cortex"
"CTACGCCATTTCCGAT-1",162.10198316,311.27602792,"cortex","cortex"
"CTACGTGTTGCCACCA-1",132.36772484,143.85922564,"NA","cortex"
"CTAGATAAACTCCTCG-1",137.5389002,146.8757446,"NA","cortex"
"CTATGGGAAGCGGAAT-1",379.5786358,384.82163304,"cortex","cortex"
"CTCAGGACTCACCTGT-1",184.15130032,162.24562692,"NA","cortex"
"CTCTAATGCATTGATC-1",223.65333432,401.41248732,"cortex","cortex"
"CTGCACCTGGAACCGC-1",178.4773718,218.91309024,"cortex","cortex"
"CTGGGATACGCTACCC-1",290.95043588,422.88722944,"cortex","cortex"
"CTGGTCCTAACTTGGC-1",136.53339388,266.31553104,"cortex","cortex"
"CTTTGCATCGCTCTTG-1",411.03661924,355.23101848,"cortex","cortex"
"GAAAGAACAGCGTTAT-1",291.30954528,381.08689528,"cortex","cortex"
"GAACGCGGGTCACACG-1",348.19247424,414.4122476,"cortex","cortex"
"GAATCGCCGGACACGG-1",157.86449224,194.85276044,"cortex","cortex"
"GACGAGGCTAATAAAC-1",390.06463028,372.97102284,"cortex","cortex"
"GACGCCTGTTGCAGGG-1",158.15177976,164.97485836,"NA","cortex"
"GAGGTACATCCATCTT-1",162.38927068,275.50873168,"cortex","cortex"
"GAGTACGGGTATACAA-1",178.62101556,200.95762024,"cortex","cortex"
"GATGTTTGTGCGAGAT-1",204.90782364,162.38927068,"NA","cortex"
"GCAACAGCAGTATGCG-1",337.99376728,390.42373968,"cortex","cortex"
"GCAGACCCAGCACGTA-1",301.72371788,381.15871716,"cortex","cortex"
"GCCACTCAGAGCGCGA-1",405.793622,358.17571556,"cortex","cortex"
"GCGCATCCAGTCAGCA-1",250.01196428,356.81109984,"cortex","cortex"
"GCGCTGCTTTGCATTT-1",244.84078892,353.79458088,"cortex","cortex"
"GCGTAAATGGCCATAA-1",275.7960192,377.99855444,"cortex","cortex"
"GCTTGGATCGATTAGG-1",260.354315,362.91595964,"cortex","cortex"
"GGAGGCCGAAGTCGTC-1",306.60760572,420.01435424,"cortex","cortex"
"GGATCATCCCGTACGC-1",187.52692868,374.1919948,"cortex","cortex"
"GGCTAAAGGGCGGGTC-1",197.94110128,368.30260064,"cortex","cortex"
"GGCTCGCGTTGAGGTA-1",260.42613688,350.99352756,"cortex","cortex"
"GGTCGGTAATTAGACA-1",163.25113324,179.98563128,"cortex","cortex"
"GTCAGTTGTGCTCGTT-1",146.73210084,284.27100104,"cortex","cortex"
"GTGAAGATTTCAAGTG-1",208.21163012,380.36867648,"cortex","cortex"
"GTGACGAGGGTGACCC-1",265.09455908,413.6940288,"cortex","cortex"
"GTGCTTACATCAGCGC-1",337.70647976,420.30164176,"cortex","cortex"
"GTTCTTCCCTCGATGT-1",178.40554992,224.87430628,"cortex","cortex"
"GTTGCGCTAACATTAC-1",311.7069592,428.99208924,"cortex","cortex"
"TAAAGCTGCAATAGGG-1",187.59875056,362.26956272,"cortex","cortex"
"TACAGAAACGGTGGGC-1",406.08090952,328.36963536,"cortex","cortex"
"TACGCTATAGAAACCT-1",275.72419732,383.95977048,"cortex","cortex"
"TACTTTACTGAGCCGG-1",255.18313964,359.89944068,"cortex","cortex"
"TAGATCCGAAGTCGCA-1",151.9032762,287.35934188,"cortex","cortex"
"TATATCCCTGGGAGGA-1",286.28201368,366.14794424,"cortex","cortex"
"TATGATCCGGCACGCC-1",233.99568504,407.44552524,"cortex","cortex"
"TCATCCCAGAGGGTGG-1",162.3174488,281.46994772,"cortex","cortex"
"TCATTTAAGTCTCCGA-1",281.03901644,369.02081944,"cortex","cortex"
"TCCTTTAAATCCGCTT-1",390.28009592,349.12615868,"cortex","cortex"
"TCTCCAACGTAGGTTA-1",203.68685168,305.67392128,"cortex","cortex"
"TCTCGACGTATCGCCG-1",332.60712628,411.32390676,"cortex","cortex"
"TCTGCGTCCGGTTTCT-1",179.12376872,141.27363796,"NA","cortex"
"TCTTCCCATGGGCACA-1",265.52549036,359.97126256,"cortex","cortex"
"TCTTTAGCAGGCGAAC-1",275.4369098,419.72706672,"cortex","cortex"
"TGAAACTTATGCAAGC-1",157.07445156,290.37586084,"cortex","cortex"
"TGACATCGAGCGGACC-1",280.96719456,375.05385736,"cortex","cortex"
"TGAGTTAAAGACATTC-1",348.26429612,408.45103156,"cortex","cortex"
"TGATGGCTGTTTCTGA-1",254.68038648,413.62220692,"cortex","cortex"
"TGCAATCTAACACGGT-1",421.52261372,343.38040828,"cortex","cortex"
"TGGAAGACGAACACCA-1",173.37801832,209.93535524,"cortex","cortex"
"TGGTATCGGTCTGTAT-1",136.67703764,248.36006104,"cortex","cortex"
"TGTGCCGGTGCCGGAA-1",374.62292608,363.92146596,"cortex","cortex"
"TGTGGCTCCCACCAAC-1",327.29230716,426.19103592,"cortex","cortex"
"TGTTGTCAAGAAGTCT-1",224.37155312,317.811819,"cortex","cortex"
"TTACATCGTGGCCTGG-1",204.76417988,180.34474068,"cortex","cortex"
"TTACCGCCTTAGGGAA-1",158.43906728,135.16877816,"NA","cortex"
"TTCCGGTATCTGTGTC-1",311.77878108,417.06965716,"cortex","cortex"
"TTCGCTAGGAAGTTGT-1",311.77878108,423.0308732,"cortex","cortex"
"TTCTTATCCGCTGGGT-1",353.722759,375.6284324,"cortex","cortex"
"TTGACGCTCCATGAGC-1",312.13789048,375.269323,"cortex","cortex"
"TTGAGCGCCACGTGAT-1",296.12161124,425.9037484,"cortex","cortex"
"TTGAGTCCCGCTGCTG-1",301.2927866,428.92026736,"cortex","cortex"
"TTGCCAAGCAGAACCC-1",327.43595092,414.26860384,"cortex","cortex"
"TTGGAGTCTCCCTTCT-1",142.2073224,203.68685168,"cortex","cortex"
"TTGGGACGTAAGAGTT-1",363.92146596,399.61694032,"cortex","cortex"
"TTGTTTGTGTAAATTC-1",136.89250328,224.51519688,"cortex","cortex"
"AAATTTGCGGGTGTGG-1",345.1041334,172.58797764,"thalamus","globus_pallidus"
"AAGTGCTTCTCTATTG-1",459.22910072,185.51591604,"NA","globus_pallidus"
"ACACCTTAAGTAGGGC-1",230.5482348,201.4603734,"corpus_callosum","globus_pallidus"
"ACTACCAGCTCTCTGG-1",230.62005668,195.49915736,"corpus_callosum","globus_pallidus"
"ACTGTAGCACTTTGGA-1",241.03422928,189.6097632,"NA","globus_pallidus"
"AGTCGGCCCAAACGAC-1",230.69187856,189.53794132,"corpus_callosum","globus_pallidus"
"AGTTTGGCCAGACCTA-1",345.1041334,166.6267616,"thalamus","globus_pallidus"
"ATACTAGCATGACCCT-1",209.28895832,254.967674,"corpus_callosum","globus_pallidus"
"ATCCAACGCAGTCATA-1",230.69187856,183.5049034,"corpus_callosum","globus_pallidus"
"CAACGACCCGTTTACA-1",204.40507048,222.14507484,"cortex","globus_pallidus"
"CACGCACAGCGCAGCT-1",224.58701876,287.93391692,"corpus_callosum","globus_pallidus"
"CACGCAGCGAGGCTTT-1",261.71893072,201.74766092,"NA","globus_pallidus"
"CACTAAAGTTGCCTAT-1",282.2599884,225.80799072,"plexus","globus_pallidus"
"CAGATACTAACATAGT-1",235.64758828,210.4381084,"NA","globus_pallidus"
"CCATGCTCTGCAGGAA-1",209.79171148,201.24490776,"cortex","globus_pallidus"
"CCATTAGCGATAATCC-1",266.96192796,198.80296384,"NA","globus_pallidus"
"CGAGTACTAAAGAGGA-1",334.61813892,178.4773718,"thalamus","globus_pallidus"
"CGCAATTACTTTCGGT-1",220.42134972,171.51064944,"corpus_callosum","globus_pallidus"
"CGCTCGACATAATGAT-1",209.7198896,207.2061238,"corpus_callosum","globus_pallidus"
"CGTTGTTTCAATTCCC-1",277.37610056,192.91356968,"NA","globus_pallidus"
"GAATCGACATGGTCAC-1",235.79123204,198.51567632,"NA","globus_pallidus"
"GTCACTCTCCAAATCT-1",220.4931716,165.5494334,"NA","globus_pallidus"
"GTGCTCAAGTACTGTC-1",277.08881304,228.68086592,"NA","globus_pallidus"
"GTGGGCTTAGACACAC-1",251.44840188,189.68158508,"NA","globus_pallidus"
"TAACGCTTTGAGAGCG-1",241.3215168,159.73186112,"NA","globus_pallidus"
"TACCGGTCGTTTCCAT-1",329.44696356,175.46085284,"thalamus","globus_pallidus"
"TAGCAACCTGTCACAA-1",215.39381812,150.53866048,"NA","globus_pallidus"
"TCACAGGTTATTGGGC-1",266.8182842,216.68661196,"NA","globus_pallidus"
"TCAGGTTCTTTGAGAA-1",256.54775536,198.65932008,"NA","globus_pallidus"
"TCCACAATGGTTTACG-1",256.69139912,180.77567196,"NA","globus_pallidus"
"TCGGAATGCGCTCTGA-1",256.90686476,156.85898592,"NA","globus_pallidus"
"TCTAGCATCTTCGATG-1",220.20588408,201.38855152,"corpus_callosum","globus_pallidus"
"TCTCTAATAGCTGGTA-1",204.3332486,228.10629088,"cortex","globus_pallidus"
"TGATTCGTCTATCACT-1",261.7907526,195.714623,"NA","globus_pallidus"
"TGGAGTGATGCGATGA-1",251.37658,195.64280112,"NA","globus_pallidus"
"TGGCCGTATATTGACC-1",235.86305392,186.59324424,"NA","globus_pallidus"
"TGGGTGCACAAGCCAT-1",458.00812876,328.80056664,"cortex","globus_pallidus"
"TTAACCAACCCTCCCT-1",199.09025136,237.012204,"cortex","globus_pallidus"
"TTGATCTAACTTTGTC-1",251.23293624,213.59827112,"NA","globus_pallidus"
"TTGCGTGTGTAGGCAT-1",458.07995064,322.8393506,"cortex","globus_pallidus"
"TTGTTAGCAAATTCGA-1",215.03470872,198.30021068,"corpus_callosum","globus_pallidus"
"AAACCGGGTAGGTACC-1",319.2482566,157.43356096,"NA","hypothalamus"
"AAAGGCTACGGACCAT-1",422.45629816,235.9348758,"cortex","hypothalamus"
"AAATTGATAGTCCTTT-1",386.68900192,166.985871,"hypothalamus","hypothalamus"
"AACGTACTGTGGGTAC-1",350.05984312,199.52118264,"thalamus","hypothalamus"
"AACTCTCAGTGTGCTC-1",376.05936368,196.72012932,"hypothalamus","hypothalamus"
"AAGCGTCCCTCATCGA-1",396.95953076,178.98012496,"hypothalamus","hypothalamus"
"AAGGGACTATGCATTC-1",412.76034436,152.2623856,"hypothalamus","hypothalamus"
"AATAACACTAGAACAA-1",370.9600102,187.74239432,"hypothalamus","hypothalamus"
"AATGTGCCCGAGGTGT-1",386.7608238,155.06343892,"hypothalamus","hypothalamus"
"AATGTGCTAATCTGAG-1",443.78739652,170.43332124,"hypothalamus","hypothalamus"
"ACAATGAATACGGAGA-1",397.10317452,167.05769288,"hypothalamus","hypothalamus"
"ACAGGTGGAGGTGAGG-1",365.71701296,190.6870914,"thalamus","hypothalamus"
"ACCCGAGCGAAATTAC-1",417.93151972,161.31194248,"hypothalamus","hypothalamus"
"ACCCTATGCCATATCG-1",391.64471164,193.919076,"hypothalamus","hypothalamus"
"ACCGTGACCACGTGGG-1",417.6442322,191.11802268,"hypothalamus","hypothalamus"
"ACGACTGGTCATACTC-1",433.37322392,176.3227154,"hypothalamus","hypothalamus"
"ACTATTTCCGGGCCCA-1",407.2300596,197.00741684,"hypothalamus","hypothalamus"
"ACTCCAATATCATCAT-1",428.27387044,161.38376436,"hypothalamus","hypothalamus"
"AGACGACGATGCCGCT-1",376.27482932,172.87526516,"hypothalamus","hypothalamus"
"AGACTGTTACCGGGTC-1",427.84293916,209.14531456,"hypothalamus","hypothalamus"
"AGAGAAACACCAGAAA-1",454.12974724,176.53818104,"hypothalamus","hypothalamus"
"AGCCCGGCATTAGAGG-1",433.58868956,152.47785124,"hypothalamus","hypothalamus"
"AGCCCGGTAGCCTGTA-1",417.35694468,220.99592476,"cortex","hypothalamus"
"AGCTAACAAGCAATGT-1",417.78787596,173.23437456,"hypothalamus","hypothalamus"
"AGGCTTCCCGAAGAAG-1",360.40219384,199.59300452,"thalamus","hypothalamus"
"AGGGTGCCGTTCTTTA-1",438.54439928,173.37801832,"hypothalamus","hypothalamus"
"AGGTAGGTACAAAGCT-1",282.83456344,166.05218656,"plexus","hypothalamus"
"AGTATGCTGGAGACCA-1",402.41799364,152.19056372,"hypothalamus","hypothalamus"
"AGTCTCACAAGACTAC-1",381.51782656,163.96935204,"hypothalamus","hypothalamus"
"AGTGACTGTGACACAA-1",443.93104028,158.51088916,"hypothalamus","hypothalamus"
"ATCTGACATGGAAGGA-1",427.98658292,197.22288248,"hypothalamus","hypothalamus"
"ATGACGCGTTCTATCC-1",371.10365396,163.82570828,"thalamus","hypothalamus"
"ATGACTATCAGCTGTG-1",427.91476104,203.18409852,"hypothalamus","hypothalamus"
"ATGGGACCTGCTGAAC-1",417.85969784,167.27315852,"hypothalamus","hypothalamus"
"ATTATTATGTCCGTCA-1",407.30188148,185.08498476,"hypothalamus","hypothalamus"
"ATTTCCGGGTTCTGCG-1",386.61718004,178.90830308,"hypothalamus","hypothalamus"
"ATTTGCGCGAGTAGCT-1",376.27482932,166.91404912,"hypothalamus","hypothalamus"
"CAAAGATTATTGGGCC-1",391.93199916,164.04117392,"hypothalamus","hypothalamus"
"CACATCGTGCACGCGC-1",412.47305684,188.10150372,"hypothalamus","hypothalamus"
"CACCGTTAGGGATCAC-1",376.13118556,184.79769724,"hypothalamus","hypothalamus"
"CACTCCTATGTAAGAT-1",391.7883554,181.92482204,"hypothalamus","hypothalamus"
"CAGGCGCACGGTGGTC-1",391.93199916,158.07995788,"hypothalamus","hypothalamus"
"CATACGAACTAGCTGG-1",438.61622116,167.41680228,"hypothalamus","hypothalamus"
"CATTATCCCATTAACG-1",449.03039376,167.48862416,"hypothalamus","hypothalamus"
"CCACCAACTTTACTGT-1",370.88818832,193.70361036,"hypothalamus","hypothalamus"
"CCCAATGAGATTTGCA-1",412.40123496,194.06271976,"hypothalamus","hypothalamus"
"CCCGTAGCTGGGAAGA-1",396.88770888,190.97437892,"hypothalamus","hypothalamus"
"CCGTATCTCGTCGTAG-1",376.41847308,154.91979516,"hypothalamus","hypothalamus"
"CCTACATTCACAGACG-1",365.86065672,172.7316214,"thalamus","hypothalamus"
"CCTATACCGTCCTGTC-1",386.32989252,208.78620516,"hypothalamus","hypothalamus"
"CCTATATTTGTCCTGG-1",422.52812004,229.97365976,"cortex","hypothalamus"
"CCTATGGCTCCTAGTG-1",423.24633884,146.37299144,"hypothalamus","hypothalamus"
"CGAGTGAAGGTACCAG-1",386.7608238,161.02465496,"hypothalamus","hypothalamus"
"CGGTCCGTCGCAAGCC-1",427.6992954,227.02896268,"cortex","hypothalamus"
"CGGTTGAGTATCCTTC-1",443.8592184,164.4721052,"hypothalamus","hypothalamus"
"CGTCGCTTGGTTATAC-1",428.4175142,149.46133228,"hypothalamus","hypothalamus"
"CGTGGTACCCAAAGGC-1",443.57193088,200.31122332,"hypothalamus","hypothalamus"
"CGTGTCTCGTTACGAC-1",412.6167006,176.17907164,"hypothalamus","hypothalamus"
"CGTTTGTGTAGAGGGT-1",386.4017144,196.7919512,"hypothalamus","hypothalamus"
"CTAAATCCGGTGTACA-1",417.71605408,179.1955906,"hypothalamus","hypothalamus"
"CTACAAGAAATAACCC-1",402.05888424,193.99089788,"hypothalamus","hypothalamus"
"CTCAAACCACTGCCCG-1",433.22958016,194.2781854,"hypothalamus","hypothalamus"
"CTCGGGTTCTCTGGCC-1",417.93151972,155.27890456,"hypothalamus","hypothalamus"
"CTCTTCTGGAAGTTAG-1",422.81540756,194.13454164,"hypothalamus","hypothalamus"
"CTGCCTTTAATACCTT-1",433.51686768,158.43906728,"hypothalamus","hypothalamus"
"CTTCTATTAATGCTAG-1",365.50154732,214.53195556,"thalamus","hypothalamus"
"GAAGAAACGATATTGT-1",407.51734712,161.16829872,"hypothalamus","hypothalamus"
"GAGCATCAACAACTTG-1",433.4450458,164.40028332,"hypothalamus","hypothalamus"
"GAGGGAGTCAGATCGC-1",438.40075552,197.29470436,"hypothalamus","hypothalamus"
"GAGGGTAGTAACAAAG-1",428.27387044,167.3449804,"hypothalamus","hypothalamus"
"GAGTATGCCCGCCTTG-1",355.23101848,202.5377016,"thalamus","hypothalamus"
"GATCAACATAAAGGGA-1",422.88722944,182.21210956,"hypothalamus","hypothalamus"
"GATCGCTATATCTCAG-1",418.0033416,149.31768852,"hypothalamus","hypothalamus"
"GATGACAAGTAGGGCA-1",397.03135264,173.01890892,"hypothalamus","hypothalamus"
"GATTGCTCCAGTTGCA-1",428.34569232,155.42254832,"hypothalamus","hypothalamus"
"GCCCGCGCGTAAACGG-1",355.30284036,196.57648556,"thalamus","hypothalamus"
"GCCGACCCACGACTGC-1",423.10269508,164.32846144,"hypothalamus","hypothalamus"
"GCGACCCAACCATCTG-1",407.44552524,173.16255268,"hypothalamus","hypothalamus"
"GCGGAGAAACTTCGCA-1",386.61718004,172.94708704,"hypothalamus","hypothalamus"
"GCGGCAAAGTATTGCC-1",407.589169,155.20708268,"hypothalamus","hypothalamus"
"GCTAGCTTGAATAGCT-1",370.74454456,205.62604244,"hypothalamus","hypothalamus"
"GCTCAATCCGTTTATT-1",376.20300744,178.8364812,"hypothalamus","hypothalamus"
"GCTCCTGACATACTGG-1",391.86017728,170.00238996,"hypothalamus","hypothalamus"
"GGACCTCTAGGCCGCC-1",402.27434988,164.1129958,"hypothalamus","hypothalamus"
"GGACTCGTGAGTGGTC-1",433.22958016,188.24514748,"hypothalamus","hypothalamus"
"GGATCTTACTGCCCTT-1",438.54439928,179.33923436,"hypothalamus","hypothalamus"
"GGCAAAGGCGCCAATA-1",381.44600468,175.89178412,"hypothalamus","hypothalamus"
"GGCATACAGGTAGCGG-1",277.5915662,168.99688364,"plexus","hypothalamus"
"GGCCGAGACTCTGGTG-1",423.0308732,170.28967748,"hypothalamus","hypothalamus"
"GGCCGTTTGGGTTTCA-1",407.08641584,208.92984892,"hypothalamus","hypothalamus"
"GGCTCCTCCACCTGTT-1",407.37370336,179.12376872,"hypothalamus","hypothalamus"
"GGGAACGGTTTCAGAT-1",433.37322392,170.36149936,"hypothalamus","hypothalamus"
"GGGATGGTCGTAACCG-1",344.81684588,202.46587972,"thalamus","hypothalamus"
"GGTAACCGGGAGGATA-1",397.1749964,155.1352608,"hypothalamus","hypothalamus"
"GGTCTCTGAATGGACT-1",371.03183208,175.81996224,"thalamus","hypothalamus"
"GTAGAGGGAGACAAGT-1",365.9324786,166.77040536,"thalamus","hypothalamus"
"GTAGCTCCGGGAGGCT-1",438.4725774,185.37227228,"hypothalamus","hypothalamus"
"GTATTCTGAGAAACGA-1",350.131665,187.52692868,"thalamus","hypothalamus"
"GTCGCCGTTGTGTGTT-1",396.74406512,202.896811,"hypothalamus","hypothalamus"
"GTGATCAAGCGTGCAC-1",438.75986492,155.4943702,"hypothalamus","hypothalamus"
"GTGATTCGCCGCTCAA-1",350.131665,193.5599666,"thalamus","hypothalamus"
"GTGGAGTCGGCGGTTG-1",381.30236092,187.8142162,"hypothalamus","hypothalamus"
"GTGGTATAGTCTGCCG-1",396.815887,196.93559496,"hypothalamus","hypothalamus"
"GTTTGGTGATCGGTGC-1",443.64375276,188.38879124,"hypothalamus","hypothalamus"
"TAAACCCAGGAGGGCA-1",381.3741828,181.85300016,"hypothalamus","hypothalamus"
"TAACAGCGTTTGTGCT-1",428.0584048,185.22862852,"hypothalamus","hypothalamus"
"TAAGTCGCCGAGTATC-1",381.44600468,169.93056808,"hypothalamus","hypothalamus"
"TACCAGGAATCCCGTC-1",454.05792536,182.49939708,"NA","hypothalamus"
"TACCGTAGGTTAACTA-1",406.79912832,244.76896704,"cortex","hypothalamus"
"TACCTCCACACCAATG-1",438.68804304,161.45558624,"hypothalamus","hypothalamus"
"TACGCCGAGGGTACCC-1",391.7883554,175.963606,"hypothalamus","hypothalamus"
"TATATATCGAGAAATG-1",412.76034436,158.22360164,"hypothalamus","hypothalamus"
"TATGTAAAGTGCTTAA-1",443.500109,206.27243936,"hypothalamus","hypothalamus"
"TCAACAAAGATAATTC-1",376.3466512,160.8810112,"hypothalamus","hypothalamus"
"TCAGCAGTAGGCCCTG-1",417.57241032,197.07923872,"hypothalamus","hypothalamus"
"TCAGTGTATACGTCAT-1",402.13070612,182.0684658,"hypothalamus","hypothalamus"
"TCATCGATGGTCCCAA-1",397.10317452,161.09647684,"hypothalamus","hypothalamus"
"TCGAATATCCCGCAGG-1",402.27434988,170.07421184,"hypothalamus","hypothalamus"
"TCGAGCCAGGCAGGCC-1",396.88770888,184.941341,"hypothalamus","hypothalamus"
"TCGTCAAGTACGCGCA-1",391.71653352,187.88603808,"hypothalamus","hypothalamus"
"TCTAATACTGCCTCAG-1",397.24681828,149.17404476,"hypothalamus","hypothalamus"
"TGAACAAGCAGGGACT-1",443.71557464,182.4275752,"hypothalamus","hypothalamus"
"TGATTCTGTCGCCGGT-1",349.98802124,205.48239868,"thalamus","hypothalamus"
"TGCGACGGCCGAACGT-1",412.6167006,170.2178556,"hypothalamus","hypothalamus"
"TGCGAGAATATTACCC-1",360.47401572,193.63178848,"thalamus","hypothalamus"
"TGCTTAGAGAGAATGC-1",423.17451696,152.33420748,"hypothalamus","hypothalamus"
"TTAAGGCCCGTACTTT-1",407.589169,149.24586664,"hypothalamus","hypothalamus"
"TTCCGGCCTTGAGGCT-1",381.15871716,205.7696862,"hypothalamus","hypothalamus"
"TTCGGGCGCTAGTCTT-1",386.54535816,184.86951912,"hypothalamus","hypothalamus"
"TTCTTGAGCCGCGCTA-1",344.88866776,196.4328418,"thalamus","hypothalamus"
"TTGCGGCATCAGAAAG-1",375.91571992,208.6425614,"hypothalamus","hypothalamus"
"TTGCGTCGGCCAACCG-1",365.64519108,196.64830744,"thalamus","hypothalamus"
"TTGTTTCACATCCAGG-1",401.98706236,199.95211392,"hypothalamus","hypothalamus"
"TTGTTTCATTAGTCTA-1",412.68852248,164.18481768,"hypothalamus","hypothalamus"
"AACGCGGTCTCCAGCC-1",219.63130904,267.03374984,"corpus_callosum","plexus"
"AATGCAACCGGGTACC-1",230.11730352,249.2219236,"plexus","plexus"
"ACACCCAGCATGCAGC-1",225.1615938,222.2887186,"plexus","plexus"
"ACTGTCCAGGATTATA-1",271.77399392,237.65860092,"plexus","plexus"
"AGACCCGCCCTCCTCG-1",235.43212264,240.31601048,"plexus","plexus"
"AGATGACTCGCCCACG-1",209.50442396,237.08402588,"corpus_callosum","plexus"
"AGCATCGTCGATAATT-1",214.7474212,228.17811276,"plexus","plexus"
"AGCGACCAACGATATT-1",230.26094728,237.22766964,"plexus","plexus"
"ATAGAGTACTGGGACA-1",235.64758828,216.39932444,"NA","plexus"
"ATCGCACGCCGGGAGA-1",230.1891254,243.26070756,"plexus","plexus"
"ATGGATTGACCAAACG-1",240.45965424,255.25496152,"caudate_putamen","plexus"
"ATGTGCATCCGACGCA-1",219.84677468,243.1170638,"plexus","plexus"
"ATTGCTGCTCCTCCAT-1",282.47545404,201.89130468,"plexus","plexus"
"CACAGCACCCACGGCA-1",261.28799944,249.50921112,"caudate_putamen","plexus"
"CACCGCCAGAAGGTTT-1",240.53147612,249.29374548,"plexus","plexus"
"CAGCTCACTGAGACAT-1",271.70217204,249.581033,"caudate_putamen","plexus"
"CAGTTCAAATTGACAC-1",251.16111436,225.5207032,"NA","plexus"
"CATTATGCTTGTTGTG-1",235.50394452,228.32175652,"plexus","plexus"
"CCAGGGACGTGGCCTC-1",240.67511988,231.41009736,"plexus","plexus"
"CCCGTCAGCGTCTGAC-1",219.99041844,225.23341568,"plexus","plexus"
"CCTACTGCTTACACTT-1",240.81876364,219.4158434,"plexus","plexus"
"CCTCTCTCCCATCTAG-1",277.51974432,180.91931572,"plexus","plexus"
"CCTGCTATTTGAGAAG-1",235.5757664,222.36054048,"plexus","plexus"
"CCTGTAAGACATGATA-1",292.96144852,196.00191052,"thalamus","plexus"
"CCTGTCGCCCGTAAAT-1",287.21569812,258.63058988,"globus_pallidus","plexus"
"CGCATTAGCTAATAGG-1",240.603298,243.33252944,"plexus","plexus"
"CGCGTTCATGAAATAC-1",240.74694176,225.44888132,"plexus","plexus"
"CGCTGTGACGCCGCAC-1",230.47641292,213.38280548,"corpus_callosum","plexus"
"CGGGCAGCTAAACCGC-1",266.60281856,240.53147612,"NA","plexus"
"CTAAAGAATGCCTACT-1",287.86209504,181.06295948,"NA","plexus"
"CTAACCGCGCGCCCGT-1",293.10509228,178.1182624,"thalamus","plexus"
"CTAGTGAAGGACAGGA-1",277.44792244,186.95235364,"NA","plexus"
"CTGGAAATGGATGCTT-1",251.08929248,231.48191924,"NA","plexus"
"CTGTTCACTGCCTGTG-1",214.67559932,240.10054484,"plexus","plexus"
"GACTAAGATCATGCAC-1",219.91859656,231.19463172,"plexus","plexus"
"GAGACTGATGGGTAGA-1",245.77447336,240.38783236,"NA","plexus"
"GATCATTCCAAACATT-1",256.18864596,240.45965424,"plexus","plexus"
"GCAAATATTACGCTTT-1",282.54727592,195.93008864,"plexus","plexus"
"GCAGGACTATAGAATA-1",282.69091968,184.00765656,"plexus","plexus"
"GCCGAAATTCCTACGT-1",282.47545404,207.85252072,"NA","plexus"
"GCCGCTTGTGAGAAAC-1",287.79027316,192.98539156,"plexus","plexus"
"GCTCTAAACCCTGACG-1",224.94612816,246.20540464,"plexus","plexus"
"GCTCTCGGGTACCGAA-1",235.36030076,246.27722652,"plexus","plexus"
"GCTGCTCTCCGGACAC-1",261.21617756,261.4316432,"caudate_putamen","plexus"
"GGGCGATATGTGTGAA-1",245.77447336,246.3490484,"plexus","plexus"
"GGGCGTACATTTATAT-1",225.08977192,234.21115068,"plexus","plexus"
"GGGTACTTCATGAACT-1",292.96144852,190.04069448,"thalamus","plexus"
"GTACGAGATTGCGACA-1",209.43260208,243.04524192,"corpus_callosum","plexus"
"GTACTAAGATTTGGAG-1",240.603298,237.3713134,"plexus","plexus"
"GTCATGGACATGACTA-1",235.28847888,258.1996586,"NA","plexus"
"GTCCGGCTGAATTGCG-1",245.91811712,228.46540028,"plexus","plexus"
"GTTGGATTTGCGTTGG-1",287.50298564,222.86329364,"NA","plexus"
"GTTTCCTGGAGGGTGA-1",230.40459104,219.34402152,"plexus","plexus"
"GTTTGACCAAATCCTA-1",256.11682408,246.42087028,"caudate_putamen","plexus"
"TACGAGAACTTCACGT-1",282.6190978,189.9688726,"plexus","plexus"
"TAGAGTCTAAGCGAAC-1",251.0174706,237.44313528,"NA","plexus"
"TAGCTAAGTCCGGGAG-1",250.94564872,243.40435132,"plexus","plexus"
"TAGGGTGTTTCAAGAG-1",214.67559932,234.1393288,"plexus","plexus"
"TATGCTCCCTACTTAC-1",230.11730352,255.18313964,"plexus","plexus"
"TATGGATGTGCTACGC-1",235.50394452,234.35479444,"plexus","plexus"
"TATGGGTACGTATCGT-1",266.53099668,246.56451404,"caudate_putamen","plexus"
"TCAACCATGTTCGGGC-1",230.33276916,225.30523756,"plexus","plexus"
"TCCAGGCGAGTACGGT-1",261.35982132,243.4761732,"NA","plexus"
"TCCCAAAGACGAAGGA-1",235.28847888,252.23844256,"plexus","plexus"
"TCCGATGGTGCGACAT-1",230.33276916,231.2664536,"plexus","plexus"
"TCGCTCGATATATTCC-1",250.80200496,261.28799944,"caudate_putamen","plexus"
"TGATCGGTTTGACCCT-1",245.84629524,234.42661632,"NA","plexus"
"TGATCTCCGGCGCCAG-1",245.989939,222.50418424,"plexus","plexus"
"TGATTTATTAGCTGTG-1",298.34808952,175.17356532,"thalamus","plexus"
"TGGTTCGTAGCAAAGG-1",219.84677468,237.15584776,"plexus","plexus"
"TGTAGTGATCTATAAT-1",282.76274156,172.0134026,"plexus","plexus"
"TTACAACTACGCATCC-1",225.1615938,228.24993464,"plexus","plexus"
"TTACCATTGATTACCC-1",277.66338808,157.07445156,"NA","plexus"
"TTGCTGATCATGTTCG-1",271.77399392,243.61981696,"caudate_putamen","plexus"
"TTGTCGTTCAGTTACC-1",214.60377744,246.06176088,"plexus","plexus"
"AACCCGACAACCCGTG-1",448.67128436,203.32774228,"hypothalamus","thalamus"
"AAGACCCAACTGAACA-1",412.04212556,235.86305392,"cortex","thalamus"
"AAGTGACGACCGAATT-1",314.14890312,148.45582596,"NA","thalamus"
"AAGTGCGTTAGAATCT-1",355.66194976,154.7761514,"NA","thalamus"
"ACCATCGTATATGGTA-1",318.8891472,199.23389512,"thalamus","thalamus"
"ACGCGCTACACAGGGT-1",314.00525936,166.33947408,"thalamus","thalamus"
"ACGGGAGTGTCGGCCC-1",345.31959904,148.6712916,"NA","thalamus"
"ACGTTAGATTTGCCCG-1",303.37562112,190.11251636,"thalamus","thalamus"
"AGAAGTGATTCGTGAT-1",350.41895252,157.72084848,"thalamus","thalamus"
"AGCCCATACATGTAAG-1",319.32007848,151.47234492,"NA","thalamus"
"AGCTTGATCTTAACTT-1",314.14890312,142.49460992,"NA","thalamus"
"AGGACGACCCATTAGA-1",323.98850068,208.21163012,"thalamus","thalamus"
"AGGCCCTAGAACGCCA-1",334.90542644,148.59946972,"NA","thalamus"
"AGTCGGCTCAACTTTA-1",345.31959904,142.71007556,"NA","thalamus"
"AGTGCGTAGCTCGTAA-1",339.64567052,199.37753888,"thalamus","thalamus"
"ATAGGCGGCTATAGAA-1",324.2757882,172.372512,"thalamus","thalamus"
"ATCAGACGGCACGCCG-1",329.3033198,199.305717,"thalamus","thalamus"
"ATCCAATGGAGGGTCC-1",324.49125384,154.48886388,"NA","thalamus"
"ATGTGAAAGCCTAATG-1",340.14842368,139.6935566,"NA","thalamus"
"ATTACGCGCTGGCAGG-1",308.834084,163.32295512,"thalamus","thalamus"
"CAAATCTCTCACAAGG-1",329.73425108,145.58295076,"NA","thalamus"
"CATACTTCTTTCTCCG-1",453.69881596,230.26094728,"cortex","thalamus"
"CATAGTCCACAAGAAC-1",334.76178268,166.55493972,"thalamus","thalamus"
"CATGCCAACTCGCAAA-1",324.6348976,136.60521576,"NA","thalamus"
"CCAATGTCACAGCAAG-1",292.74598288,219.91859656,"thalamus","thalamus"
"CCACGGAGCCATAAGA-1",345.24777716,154.70432952,"NA","thalamus"
"CCGCTTACCTCACTCT-1",345.03231152,178.54919368,"thalamus","thalamus"
"CCTGTACTCACGCCCA-1",308.97772776,145.439307,"NA","thalamus"
"CGATCTGTTGGAGGAC-1",340.14842368,145.65477264,"NA","thalamus"
"CGCCTGGCCTACGTAA-1",314.07708124,154.417042,"NA","thalamus"
"CGCTACGGGACATTTA-1",297.91715824,216.97389948,"thalamus","thalamus"
"CGCTTATTCCCGGTCG-1",319.17643472,163.394777,"thalamus","thalamus"
"CGGAAAGAATCAAACG-1",401.8434186,217.83576204,"hypothalamus","thalamus"
"CGGTTGACCTGGCATA-1",303.73473052,148.3121822,"NA","thalamus"
"CGTGACCAGTCCTCTG-1",427.62747352,238.95139476,"cortex","thalamus"
"CGTGCATTGTCGACGC-1",303.59108676,166.2676522,"thalamus","thalamus"
"CTACTCAAGGTATAGT-1",412.40123496,200.0239358,"hypothalamus","thalamus"
"CTCACTTGGCTGGTAA-1",308.90590588,151.40052304,"NA","thalamus"
"CTGGCATCCGAATGAG-1",350.4907744,151.75963244,"NA","thalamus"
"CTGGCTGGTTGTCAGT-1",380.87142964,241.53698244,"globus_pallidus","thalamus"
"CTTCGTAGATAGGTGA-1",303.23197736,208.06798636,"thalamus","thalamus"
"CTTCTATGTTGAAGTA-1",340.00477992,157.6490266,"thalamus","thalamus"
"CTTGCAACCGCCTCCT-1",324.49125384,148.52764784,"NA","thalamus"
"GAAAGCAGTGCACTTT-1",391.28560224,235.64758828,"cortex","thalamus"
"GAGAGGGCGCGAGGTT-1",298.13262388,193.05721344,"thalamus","thalamus"
"GAGAGGTGCATTCTGG-1",329.6624292,157.50538284,"NA","thalamus"
"GAGCGGAATGCGGTGT-1",453.77063784,218.3385152,"cortex","thalamus"
"GATACGATGGGAGTCA-1",334.40267328,208.283452,"thalamus","thalamus"
"GCAACCACGGCCGCGT-1",324.41943196,160.45007992,"thalamus","thalamus"
"GCACGCCTACTTAGAT-1",386.47353628,190.83073516,"hypothalamus","thalamus"
"GCAGCACACAGCCCAG-1",298.13262388,199.01842948,"thalamus","thalamus"
"GCATTGTAATTCATAT-1",314.220725,136.461572,"NA","thalamus"
"GCCACAATTTAAGGAC-1",334.54631704,190.39980388,"thalamus","thalamus"
"GCGTCTCTGCATTGGG-1",303.30379924,196.0737324,"thalamus","thalamus"
"GGTTACCACCCTCGGG-1",334.6899608,172.51615576,"thalamus","thalamus"
"GTGCCGCTTCAAAGGT-1",329.23149792,205.26693304,"thalamus","thalamus"
"GTGCGAAATCGAACAC-1",334.47449516,202.32223596,"thalamus","thalamus"
"GTGGACCAACCCGATT-1",334.83360456,160.5219018,"thalamus","thalamus"
"GTGGTTTCCGCCTTTC-1",319.17643472,169.35599304,"thalamus","thalamus"
"GTTGAACCGGTTCCAT-1",318.96096908,193.27267908,"thalamus","thalamus"
"TAACATACACGCGATC-1",386.83264568,149.10222288,"hypothalamus","thalamus"
"TACGTTTACCGGCAAT-1",308.76226212,169.28417116,"thalamus","thalamus"
"TACTCCTCTAGTTGAC-1",433.30140204,182.28393144,"hypothalamus","thalamus"
"TAGAGATCATGCAACT-1",329.6624292,151.5441668,"NA","thalamus"
"TATACGCGTCATCACT-1",411.68301616,277.66338808,"cortex","thalamus"
"TATCCGCACCGTCGGG-1",406.8709502,232.84653496,"cortex","thalamus"
"TCATCCTCAGCTGCTT-1",452.69330964,343.6676958,"cortex","thalamus"
"TCCAACTCAGCTATCT-1",447.4503124,346.61239288,"cortex","thalamus"
"TCCTAGCAAAGAAGCT-1",313.71797184,196.21737616,"thalamus","thalamus"
"TCGCCGAAGTTGCGTC-1",334.61813892,184.43858784,"thalamus","thalamus"
"TCGGAGAGTATCGGGA-1",334.97724832,142.63825368,"NA","thalamus"
"TCGGGAGACAGCGTAC-1",406.44001892,286.5693012,"cortex","thalamus"
"TGACGAATATTTCCCT-1",329.80607296,139.62173472,"NA","thalamus"
"TGAGTGCCTCTTAAAT-1",334.47449516,196.36101992,"thalamus","thalamus"
"TGATCAGGGAACTGCT-1",319.32007848,145.51112888,"NA","thalamus"
"TGCAGAACTATATCGT-1",319.39190036,139.54991284,"NA","thalamus"
"TGCAGAGTACCGAGCA-1",297.98898012,211.01268344,"thalamus","thalamus"
"TGCATGTGACCCATAG-1",454.05792536,188.46061312,"NA","thalamus"
"TGCGTAAGAACCTGAT-1",324.06032256,202.25041408,"thalamus","thalamus"
"TGTCCTAAGTCACCGC-1",277.66338808,163.0356676,"NA","thalamus"
"TTAACTTCAGGTAGGA-1",340.0766018,151.61598868,"NA","thalamus"
"TTACTCTGGTACGTAC-1",324.34761008,166.41129596,"thalamus","thalamus"
"TTCACTTCCTAGAACG-1",448.5276406,227.24442832,"cortex","thalamus"
"TTCTAGAAAGTCTTAT-1",412.2575912,211.94636788,"hypothalamus","thalamus"
"TTGACATGAACGTGGA-1",329.51878544,169.4996368,"thalamus","thalamus"
"TTGACTACCATATGGT-1",324.13214444,196.28919804,"thalamus","thalamus"
"TTGGACATGTGGCTTA-1",314.00525936,160.37825804,"thalamus","thalamus"
"TTGGTCACACTCGTAA-1",349.91619936,217.40483076,"thalamus","thalamus"
"TTGTTTCCATACAACT-1",334.83360456,154.56068576,"NA","thalamus"
