"Gene","caudate_putamen","corpus_callosum","cortex","globus_pallidus","hypothalamus","plexus","thalamus"
"Penk",1,0,0,0,0,0,0
"Ppp1r1b",1,0,0,0,0,0,0
"Gpr88",1,0,0,0,0,0,0
"Mobp",0,1,0,0,0,0,0
"Mbp",0,1,0,0,0,0,0
"Fth1",0,1,0,0,0,0,0
"Plp1",0,1,0,0,0,0,0
"Slc17a7",0,0,1,0,0,0,0
"Cck",0,0,1,0,0,0,0
"Olfm1",0,0,1,0,0,0,0
"Mbp",0,0,0,1,0,0,0
"Plp1",0,0,0,1,0,0,0
"Mobp",0,0,0,1,0,0,0
"Qdpr",0,0,0,1,0,0,0
"Sparc",0,0,0,0,1,0,0
"Nap1l5",0,0,0,0,1,0,0
"Resp18",0,0,0,0,1,0,0
"Calml4",0,0,0,0,0,1,0
"Hist1h2bc",0,0,0,0,0,1,0
"Sparc",0,0,0,0,0,0,1
"Cpe",0,0,0,0,0,0,1
"Agt",0,0,0,0,0,0,1
"Calb2",0,0,0,0,0,0,1
